Index,Name,Chromosome,Position,GenTrain Score,SNP,ILMN Strand,Customer Strand,NormID
1,exm-IND1-200449980,1,202183358,0.6989,[D/I],MINUS,PLUS,2
2,exm-IND1-201453487,1,203186865,0.8113,[D/I],MINUS,PLUS,2
3,exm-IND1-85310248,1,85537661,0.9474,[I/D],PLUS,PLUS,1
4,exm-IND10-102817747,10,102827758,0.8086,[I/D],PLUS,PLUS,2
5,exm-IND10-18329639,10,18289634,0.8432,[D/I],MINUS,PLUS,2
6,exm-IND10-27476467,10,27436462,0.8115,[D/I],MINUS,PLUS,2
7,exm-IND10-27727540,10,27687535,0.9269,[I/D],MINUS,PLUS,2
8,exm-IND10-74560589,10,74890584,0.9123,[D/I],PLUS,PLUS,2
9,exm-IND11-102094357,11,102589148,0.8529,[D/I],PLUS,PLUS,2
10,exm-IND11-60867390,11,61110815,0.7540,[D/I],MINUS,PLUS,2
11,exm-IND11-73463127,11,73785480,0.8939,[I/D],PLUS,PLUS,2
12,exm-IND12-4584372,12,4714112,0.8038,[I/D],PLUS,PLUS,2
13,exm-IND12-46829523,12,48543257,0.7966,[I/D],MINUS,PLUS,2
14,exm-IND12-49036005,12,50749739,0.8948,[I/D],PLUS,PLUS,2
15,exm-IND12-51232970,12,52946704,0.6010,[D/I],PLUS,PLUS,1
16,exm-IND12-54361914,12,56075648,0.6833,[I/D],MINUS,PLUS,2
17,exm-IND12-67380833,12,69094567,0.9168,[D/I],PLUS,PLUS,2
18,exm-IND12-83947680,12,85423550,0.6879,[I/D],MINUS,PLUS,2
19,exm-IND12-8887191,12,8995925,0.6973,[D/I],MINUS,PLUS,1
242882,exm999836,12,49438243,0.7400,[G/C],BOT,BOT,202
242883,exm99984,1,152281796,0.7173,[A/G],TOP,TOP,2
242884,exm999846,12,49439750,0.8051,[T/C],BOT,TOP,2
242885,exm999853,12,49440083,0.8164,[T/C],BOT,BOT,2
242886,exm999854,12,49440101,0.8136,[T/C],BOT,BOT,2
242887,exm999879,12,49443634,0.6942,[A/G],TOP,TOP,2
242888,exm99988,1,152281856,0.7026,[T/G],BOT,TOP,2
242889,exm999888,12,49443799,0.8212,[T/C],BOT,TOP,2
242890,exm999897,12,49443982,0.8477,[T/C],BOT,TOP,2
242891,exm999906,12,49444190,0.9166,[A/C],TOP,TOP,2
242892,exm999907,12,49444191,0.7897,[A/C],TOP,TOP,2
242893,exm999923,12,49444689,0.6162,[A/G],TOP,TOP,2
242894,exm999936,12,49444960,0.8460,[A/C],TOP,BOT,2
242895,exm999938,12,49445028,0.7105,[T/C],BOT,TOP,2
242896,exm999942,12,49445092,0.6972,[A/G],TOP,BOT,2
242897,exm999961,12,49445310,0.7577,[T/C],BOT,TOP,2
242898,exm999969,12,49445392,0.7347,[T/G],BOT,BOT,0
242899,exm999975,12,49445427,0.6360,[T/C],BOT,TOP,2
242900,exm99998,1,152281914,0.7573,[G/C],BOT,BOT,102
242901,exm999982,12,49445526,0.7885,[A/C],TOP,BOT,2
